STT,CUS_CIF_NBR,CUS_MAIL,CUS_PHONE
1,1403,VuMyLe.jui28@yahoo.com,0122783783
2,1286,HoangXuanQuan.hm3ag@outlook.com,0123517517
3,8418,NgoQuyVinh.upo68@outlook.com,0123096096
4,6379,LyChanPhong.3iyfg@gmail.com,0122586586
5,7730,DoKhacDung.37ig1@yahoo.com,0121856856
6,9902,HoangMinhLoan.sy2ip@outlook.com,0120284284
7,799,HoNgocSuong.ojw74@outlook.com,0123764764
8,8539,PhanCuongThinh.8psjl@outlook.com,0123275275
9,6357,TruongVietPhong.k4yf2@gmail.com,0121502502
10,6532,PhamGiaKhanh.2l2eh@gmail.com,0121235235
11,4094,VoTamThanh.crhey@gmail.com,0120237237
12,6399,LyChiHieu.9yzt2@outlook.com,0120314314
13,4824,DangTrucMai.haqpx@yahoo.com,0122869869
14,6936,PhanThuMai.tfb30@yahoo.com,0122375375
15,6196,VuKhacTrieu.r235v@yahoo.com,0123164164
16,2812,HoangKhaiTam.mx34m@outlook.com,0122591591
17,7468,LyNhaTruc.bnbjh@yahoo.com,0122476476
18,9048,TranThienSinh.chd99@yahoo.com,0123563563
19,5643,PhamPhuongLe.ozynm@yahoo.com,0124123123
20,9293,DuongGiaDuc.ymjot@outlook.com,0122114114
21,8488,HuynhBaoTran.7goic@outlook.com,0121304304
22,2734,HoBichNhu.mvlp6@gmail.com,0121191191
23,4734,TruongThuongXuan.3789y@outlook.com,0124175175
24,688,NguyenTueNhi.chvo3@outlook.com,0122646646
25,263,BuiQuocTuan.gg6c1@gmail.com,0123638638
26,417,DoanHuyKhanh.tv60y@yahoo.com,0123286286
27,4681,DuongMaiLinh.dxqfu@outlook.com,0122361361
28,4360,LyTuanThanh.9bkce@outlook.com,0120036036
29,3250,NguyenThienManh.30b88@yahoo.com,0122518518
30,6958,DuongDiemQuyen.pkcbr@yahoo.com,0124953953
31,2662,DoHongXuan.qvqgf@outlook.com,0122222222
32,9385,VoHuuMinh.allpp@gmail.com,0120581581
33,8522,DuongVanThang.sv5ft@outlook.com,0123571571
34,4512,LyUyenTram.i8crd@outlook.com,0121220220
35,348,LeNhaThanh.2enpg@outlook.com,0120868868
36,5053,LyNguyenPhong.xp8kn@yahoo.com,0121137137
37,190,LyVietQuyet.gb0fc@yahoo.com,0123471471
38,1871,VuThaiSan.zrp94@yahoo.com,0122324324
39,7094,LeHoNam.uesmr@gmail.com,0123143143
40,4435,HuynhPhuongTrach.7w1mx@gmail.com,0120335335
41,6099,HoangDiepVy.hserz@gmail.com,0122289289
42,519,HoTuanDung.xs15s@gmail.com,0123159159
43,8631,DangHongThuy.w6bx5@yahoo.com,0121737737
44,4837,TruongXuanThai.eyf1f@gmail.com,0121458458
45,1598,PhamVinhToan.hoo0s@yahoo.com,0122800800
46,5528,DangMaiChi.fsch4@yahoo.com,0121203203
47,6277,DangTramOanh.sfkq4@outlook.com,0123136136
48,5717,DuongKimTrang.r4pxw@gmail.com,0120490490
49,495,DangHaiThuy.35jvh@outlook.com,0120645645
50,3065,HuynhXuanYen.m3knm@outlook.com,0121582582
51,6468,VuThanhHieu.7rvlu@yahoo.com,0124681681
52,683,BuiHienNhi.zjh6r@yahoo.com,0124871871
53,5138,NgoThanhHau.dj903@yahoo.com,0123887887
54,1580,HoThuHue.4sl8e@gmail.com,0120016016
55,18,VuHuyChieu.hu31i@yahoo.com,0120964964
56,2334,LyPhuongTrinh.nlgnp@gmail.com,0123649649
57,8696,HuynhThanhHong.axmu3@outlook.com,0124007007
58,9134,NguyenAnKhang.0wqrb@outlook.com,0123163163
59,3562,LeHuongMai.53jja@outlook.com,0124292292
60,6117,DoanPhuThoi.9jtyh@outlook.com,0121897897
61,6389,VuDinhChuong.3pxua@outlook.com,0120516516
62,7957,DangNhuHao.9q97q@outlook.com,0120261261
63,5765,HuynhHieuNghia.s78a4@gmail.com,0122715715
64,9811,DoanGiaHoa.5juac@outlook.com,0124329329
65,3209,DuongTuanAnh.wbeny@gmail.com,0123132132
66,9808,BuiPhuongNhi.xbjvw@gmail.com,0120650650
67,2729,LeTrongNghia.1v7jn@gmail.com,0122897897
68,1735,VuTanThanh.qo5te@yahoo.com,0123346346
69,5948,NgoQuocAnh.79y0u@gmail.com,0123728728
70,5726,VuThanhThe.f2mjv@gmail.com,0124240240
71,5501,PhamHuongTien.fnafl@gmail.com,0122257257
72,3876,LeDucToan.5db0n@yahoo.com,0124041041
73,411,HoThuongCuong.yh74g@gmail.com,0124523523
74,2730,DoanHanhPhuong.2s4zs@yahoo.com,0123442442
75,7970,LeTheAnh.mv6hp@gmail.com,0120280280
76,7190,PhamThuanToan.d0nst@yahoo.com,0124020020
77,361,DoanThanhPhong.7y0h7@yahoo.com,0120427427
78,6183,DoXuanTam.dkxc9@gmail.com,0120987987
79,3201,PhanVietCuong.8y2dw@outlook.com,0120741741
80,5124,NguyenMinhAnh.g7yoh@outlook.com,0123753753
81,2030,HoDanhSon.bbbyj@yahoo.com,0122175175
82,9117,NguyenAnhThy.2qezf@gmail.com,0124334334
83,1874,LeHongDuc.1qwgx@gmail.com,0121641641
84,3265,HoangDinhQuang.8kyon@gmail.com,0123031031
85,5579,DuongNhatNam.jlffj@yahoo.com,0122759759
86,9848,DoanMinhVuong.3d3n9@gmail.com,0120441441
87,7580,DoHongLam.arpot@gmail.com,0122353353
88,6878,VuTheLuc.khou1@yahoo.com,0121622622
89,885,NguyenQuynhNhi.8h6ji@outlook.com,0121183183
90,660,LeMinhKy.dk9mv@outlook.com,0123533533
91,8435,DangTanTrinh.qrqbb@outlook.com,0124833833
92,9468,PhanQuocToan.cxagy@yahoo.com,0123481481
93,9145,TranKimThu.7l8i0@yahoo.com,0123875875
94,5985,NgoTuanLong.ug5ie@outlook.com,0122962962
95,6799,DoSonCa.jqb6o@yahoo.com,0123979979
96,8208,DangMinhXuan.8ui6r@outlook.com,0124881881
97,8227,TruongHieuLam.2lfqi@yahoo.com,0121573573
98,9381,DangNamHai.lz0yh@gmail.com,0121828828
99,2574,VuHaoNghiep.4v3gr@outlook.com,0124760760
100,6637,HoangSyPhu.kp4dk@yahoo.com,0122955955
101,5194,HuynhBaoPhuong.7mw44@gmail.com,0123823823
102,9912,VoLinhDan.40yvy@yahoo.com,0124138138
103,384,HuynhNhaThanh.cb9i7@yahoo.com,0124556556
104,2706,HoangHaiGiang.ctmhh@yahoo.com,0120392392
105,5007,HoangThaiChi.tekbh@yahoo.com,0121994994
106,4751,TruongHiepDinh.k44cr@gmail.com,0120725725
107,4685,DuongBichChau.vf3rz@gmail.com,0122276276
108,1223,HoMinhHien.hi8p8@yahoo.com,0123897897
109,9079,PhanPhuongMai.oydmd@gmail.com,0124906906
110,7306,PhamThuongThuong.q9pps@yahoo.com,0120583583
111,706,DuongQueAnh.ucvhs@outlook.com,0124269269
112,9029,BuiHanhMy.1cg9m@yahoo.com,0121527527
113,269,PhamHoangHa.p16lg@outlook.com,0120468468
114,3558,NgoChungThuy.2v11c@gmail.com,0124632632
115,740,NgoHuuTrung.qo76u@outlook.com,0124493493
116,9268,PhamTrungDuc.88iae@gmail.com,0120472472
117,5025,HuynhHuyVu.l3akq@gmail.com,0124711711
118,1777,PhamHuyKhiem.fmuid@gmail.com,0124321321
119,5882,HuynhDuyHoang.54cnd@gmail.com,0120703703
120,3438,PhamThaiBinh.drndf@yahoo.com,0121416416
121,1047,NgoKhanhHang.ggwg7@gmail.com,0122900900
122,9040,DuongAnhSon.biaj2@outlook.com,0123051051
123,6093,HoQuynhLam.msls7@yahoo.com,0123490490
124,3370,HoangMinhDuyen.qpjpw@outlook.com,0123946946
125,3752,NguyenThoTho.uixqa@gmail.com,0121503503
126,2250,HoPhuongThanh.tgxwy@yahoo.com,0123550550
127,204,VoBichNhu.e5n30@outlook.com,0121824824
128,323,HuynhKimHuong.3ascx@outlook.com,0122568568
129,6539,TranHuuThuc.vv16i@outlook.com,0123319319
130,4275,DuongNhanHong.uddqy@yahoo.com,0122121121
131,2521,VoThuyUyen.pqyrn@yahoo.com,0120675675
132,492,DangThuyMinh.tnyz1@yahoo.com,0123899899
133,7911,TranQuocDai.4ppm1@gmail.com,0124048048
134,9327,LyTrongHieu.pr0fz@gmail.com,0122984984
135,6629,DuongNhaHuong.o8auz@yahoo.com,0122129129
136,6439,HoangMinhHoa.e2d2d@gmail.com,0122733733
137,28,PhanPhucNguyen.dkdpr@outlook.com,0124037037
138,5908,BuiXuanKien.e8r2w@gmail.com,0124674674
139,1713,LePhuocSon.t6uhx@outlook.com,0120421421
140,7885,BuiGiaUy.s3hfy@outlook.com,0120917917
141,3619,PhanHangNga.cdogf@yahoo.com,0121950950
142,496,TranVanhKhuyen.ztbe5@gmail.com,0122855855
143,1106,TruongPhucCuong.agwze@outlook.com,0124194194
144,3154,VuManhQuynh.chcz9@gmail.com,0121136136
145,4152,LeDinhHao.sb2f2@gmail.com,0121093093
146,1125,VoNgocHang.uludt@yahoo.com,0120648648
147,717,VoVietSon.0z962@gmail.com,0121194194
148,2073,NgoPhuongLoan.8d0q6@gmail.com,0123578578
149,863,HuynhAnhTuan.e0aev@gmail.com,0121648648
150,9232,DuongHuyenNhi.79sp6@gmail.com,0122581581
151,4648,BuiAnhHoa.zmpr6@yahoo.com,0124578578
152,1927,BuiNgocHai.nm156@outlook.com,0123735735
153,6591,NgoSyDan.sxnji@gmail.com,0123441441
154,3137,LyThuyHuyen.ary91@outlook.com,0124926926
155,5026,LeTrucLam.xmvsi@outlook.com,0124076076
156,2749,HoangVietYen.ipn65@gmail.com,0123224224
157,9469,NguyenDiemPhuoc.8hxz2@yahoo.com,0120738738
158,2008,HoangThanhPhi.tx1qj@yahoo.com,0120787787
159,3202,PhanDuyThong.x2shw@yahoo.com,0124113113
160,6671,DuongNguyetCam.0zt5o@yahoo.com,0122559559
161,8670,DuongHaiBinh.zl7vs@gmail.com,0123826826
162,5288,VoNgocHoa.vrz8l@outlook.com,0120433433
163,2475,PhamMaiThu.0cb1i@yahoo.com,0123321321
164,5631,HoangHaPhuong.nrbfy@outlook.com,0124612612
165,3627,NguyenXuanTrung.k0psb@gmail.com,0123435435
166,7535,VuLamTruong.tpws5@gmail.com,0123685685
167,7368,HoangThuongThuong.h9lsh@outlook.com,0121171171
168,3831,DangHoaTranh.12tzs@yahoo.com,0124687687
169,5481,LeThaoLy.x37iu@outlook.com,0124187187
170,9806,TranMinhNhat.segyd@yahoo.com,0124460460
171,8084,DangQuangTu.jlqbu@yahoo.com,0123654654
172,1799,DoanBichDiep.qzk5u@outlook.com,0122976976
173,9277,DangHuuMinh.qmmtz@outlook.com,0122574574
174,8187,PhanKhaAi.ukjiv@yahoo.com,0122675675
175,1080,DuongSonHai.c5gqh@yahoo.com,0121233233
176,2831,HoangMinhPhuong.eqctp@outlook.com,0122593593
177,3146,VuAiThi.9g6ca@yahoo.com,0123365365
178,6386,VuThanhNhan.ektuf@yahoo.com,0122566566
179,7787,DoanHaiGiang.1pdfm@yahoo.com,0123543543
180,221,BuiBaoSon.mnf75@gmail.com,0124378378
181,531,NguyenMaiThu.whdfv@gmail.com,0121928928
182,4328,VoTriMinh.e41ol@yahoo.com,0121700700
183,7411,LyXuanYen.bfz4p@yahoo.com,0123981981
184,9043,DoBinhQuan.v3c59@outlook.com,0124280280
185,7590,LeThuyMy.iia3s@outlook.com,0124628628
186,1662,LyTungLinh.atg8u@gmail.com,0121290290
187,2336,NguyenTrucLien.typao@gmail.com,0120023023
188,1469,LeMaiThanh.n6dgk@outlook.com,0122227227
189,4109,TranHamTho.m5n7m@outlook.com,0123202202
190,8157,DoanVietThai.1j1dj@outlook.com,0123761761
191,9205,NgoKhanhHa.sljwx@outlook.com,0124566566
192,5547,PhanDinhToan.on7yj@yahoo.com,0121453453
193,1092,PhanNgocHuy.md0vv@gmail.com,0124562562
194,1829,VoMongLieu.g4ws1@yahoo.com,0120691691
195,4151,LeNgocTho.1vrpx@gmail.com,0124194194
196,1511,NguyenNgocAnh.tmn35@yahoo.com,0121834834
197,7919,LeKimThong.6w6qs@yahoo.com,0124490490
198,5168,PhanQuangTrieu.ap7yi@gmail.com,0123350350
199,5591,HoKhacAnh.g96zo@yahoo.com,0120864864
200,997,PhamThanhKieu.30hyi@outlook.com,0121121121
201,4847,DoanBachTra.rtrfk@outlook.com,0124040040
202,9583,DoNgocThi.mgz0n@outlook.com,0122943943
203,7701,DoanThanhLoan.velid@outlook.com,0121450450
204,6444,LyPhuongNhi.2o65o@yahoo.com,0121252252
205,9838,PhamHangNga.pgq1k@yahoo.com,0120641641
206,5316,DoAnhHoang.adq35@gmail.com,0123312312
207,9783,TruongNhatKhuong.y8p7i@yahoo.com,0120614614
208,1446,DoanThuyLien.ocxlu@outlook.com,0124759759
209,8068,HuynhThongDat.z1qib@gmail.com,0120795795
210,5566,DoThuHang.1i2h7@gmail.com,0120879879
211,5657,VoTrucLinh.vtkdz@gmail.com,0124592592
212,2537,HoTrungHai.kalfs@outlook.com,0120751751
213,6404,VuPhuongThuy.n8g0x@yahoo.com,0120361361
214,6736,HoangTuTrinh.usdzh@outlook.com,0122921921
215,9020,DoBachQuynh.m56j1@outlook.com,0120321321
216,6597,PhamQuocHoang.0b81k@outlook.com,0120815815
217,4711,BuiXuanHam.kxnb3@yahoo.com,0124663663
218,4723,LeBuuChuong.6b592@gmail.com,0124135135
219,7964,HoangDuyTuyen.645bs@gmail.com,0122588588
220,1642,DangPhuHung.ewt62@outlook.com,0124314314
221,857,PhanChinhTruc.o36qz@outlook.com,0121623623
222,1899,NguyenTrangDai.fa62e@outlook.com,0122858858
223,4868,HoangTienPhuong.tby44@gmail.com,0120375375
224,414,DangSongHuong.99bl0@outlook.com,0120116116
225,8611,PhanAnhMai.177we@outlook.com,0124246246
226,8817,HuynhXuanThai.ksrik@outlook.com,0122446446
227,5797,DuongNgocLam.50xze@yahoo.com,0120236236
228,7935,DangTruongLien.692zg@gmail.com,0121408408
229,2492,DoanBaThinh.vfyr1@gmail.com,0121657657
230,4843,VuToTam.8qlcd@outlook.com,0123775775
231,7820,HoTrieuMan.25k3j@outlook.com,0121543543
232,3792,NgoThuongKiet.7tbzt@gmail.com,0121058058
233,7433,TruongHaiVan.td57k@yahoo.com,0121234234
234,3090,NguyenNamThanh.biqi8@yahoo.com,0124990990
235,7592,DoQuocHoai.1i5sq@gmail.com,0123462462
236,3894,NgoDinhHop.eo9ps@gmail.com,0124221221
237,7660,DoanLienHuong.9bvly@outlook.com,0120230230
238,4809,TranDaThao.nn5ay@outlook.com,0121446446
239,661,PhamVienThong.o940s@yahoo.com,0122896896
240,351,HoPhiNhan.qobc2@outlook.com,0121937937
241,4683,LyTrongKhanh.r38ca@gmail.com,0123476476
242,5072,DoanThuGiang.axcyw@outlook.com,0121287287
243,178,NgoMyHiep.idpeu@yahoo.com,0120375375
244,8492,DoanThachThao.qmnei@outlook.com,0121092092
245,7542,TranAiNhan.0iw06@outlook.com,0122132132
246,57,LePhuongLinh.aw4f0@gmail.com,0121298298
247,599,VoQuocHung.pyju0@gmail.com,0122285285
248,6785,PhamHaiSon.cwx0a@outlook.com,0122987987
249,2766,LyDanQue.hlgke@outlook.com,0121758758
250,944,PhamVietTan.qi7ai@outlook.com,0120509509
251,4537,TranBichHau.dpaau@outlook.com,0120032032
252,974,TruongThanhDat.satoo@yahoo.com,0124360360
253,9588,VuXuanKhoa.ini34@gmail.com,0122160160
254,1946,PhanThanhAn.68ouj@gmail.com,0122978978
255,9673,NgoBangTam.wg1jk@gmail.com,0124407407
256,6028,NguyenHuuNam.44qw1@yahoo.com,0122697697
257,5766,TruongMinhHy.5w4q2@outlook.com,0124203203
258,152,HuynhPhucLam.9atte@outlook.com,0124945945
259,642,PhamNhuTran.9jb02@yahoo.com,0121299299
260,6292,DoanThanhVinh.jq075@gmail.com,0121537537
261,8307,TranHanhDung.m4t2l@yahoo.com,0122126126
262,5191,HoAnhDuc.r7eod@gmail.com,0123372372
263,7420,LyNgocQuynh.wxlss@outlook.com,0124059059
264,9564,TruongThuyNhu.l9846@outlook.com,0123402402
265,3306,DangLanVy.47aqn@outlook.com,0123005005
266,7430,VoTriThang.u7g1z@yahoo.com,0121875875
267,446,HoangHongLinh.r9aph@yahoo.com,0123302302
268,6649,LeThuyOanh.rh9n8@outlook.com,0123636636
269,2195,PhamThucAnh.nz6t1@outlook.com,0121899899
270,1630,NgoLamDong.11lkp@yahoo.com,0121000000
271,8741,NguyenThuongXuan.ohite@outlook.com,0122606606
272,2701,HuynhNguyenGiang.jex1n@yahoo.com,0120766766
273,951,DangTuyetBang.s3i95@outlook.com,0122968968
274,5917,HuynhNguyenVan.gbjzq@gmail.com,0120100100
275,1219,TranMaiChi.q54h2@outlook.com,0121507507
276,4790,DangLacNhan.zhwws@yahoo.com,0120892892
277,9259,PhanCongBang.8wu2k@yahoo.com,0123889889
278,3442,LeNgocTru.ogyg9@gmail.com,0122558558
279,7112,LeMinhNhi.l6tz5@gmail.com,0124783783
280,680,HuynhKimDung.jv1aq@yahoo.com,0123695695
281,7335,DuongThuThuy.qd8f3@outlook.com,0124179179
282,6841,NguyenBichDao.iyp8x@gmail.com,0122373373
283,1694,DoanThanhKien.h7yy2@gmail.com,0122595595
284,4239,LeKhaAi.b4wu9@gmail.com,0124167167
285,2298,VuKimThoa.gc9as@gmail.com,0120760760
286,4252,LeDaiThong.zywmm@outlook.com,0123078078
287,2019,NguyenChiHieu.h9paz@yahoo.com,0121226226
288,1725,DoanVanKhanh.uegjw@outlook.com,0122792792
289,9266,PhanThanhNha.bydxv@gmail.com,0123253253
290,9967,LeTrucLien.xf337@outlook.com,0120316316
291,1332,NguyenThienDi.42h3h@gmail.com,0124800800
292,399,PhanTriDung.jqby4@yahoo.com,0122008008
293,7600,DoGiaBao.q3alt@outlook.com,0122648648
294,6073,VoNhanTu.o4ozc@yahoo.com,0120381381
295,5312,NgoManhCuong.gpk45@yahoo.com,0120115115
296,627,HoangVietDung.fb7m2@yahoo.com,0121464464
297,8201,LyNguyetNga.7m5td@gmail.com,0123972972
298,358,LeDacThai.q9bh4@yahoo.com,0124171171
299,2107,LeMyKhuyen.vk002@gmail.com,0123407407
300,5331,TranNgocPhung.9g8d3@gmail.com,0123493493
301,783,TruongThaiSon.p6ptt@gmail.com,0124284284
302,8411,VuDinhDon.upbpe@outlook.com,0122540540
303,2238,DangHueThuong.yojjz@yahoo.com,0120897897
304,2006,TruongTheSon.7hktj@gmail.com,0121205205
305,7207,NguyenLanTruc.959hf@gmail.com,0123369369
306,6974,NguyenSonDuong.1dln2@gmail.com,0122210210
307,804,DoanNhatTien.o0yua@outlook.com,0123963963
308,6265,VoTheSon.un4pk@gmail.com,0122656656
309,6998,HoChiNam.a2u7m@yahoo.com,0122623623
310,2063,DuongCamNhung.dzpa3@gmail.com,0122733733
311,9358,TruongPhongDinh.bc9v3@outlook.com,0122142142
312,4053,LyPhuongLoan.y44xm@gmail.com,0120031031
313,9202,LeKimPhu.ed7fa@outlook.com,0120611611
314,4810,TruongKieuHanh.9dydo@yahoo.com,0121185185
315,5859,HuynhNganAnh.cjpce@outlook.com,0121414414
316,9825,VuYenNhi.34jga@gmail.com,0121979979
317,1077,HoGiaLinh.g8tss@yahoo.com,0124998998
318,259,HoAnhThu.xlc52@outlook.com,0124081081
319,6602,NguyenLamHa.t0yib@yahoo.com,0120591591
320,8315,PhamCamNhi.3hyx2@outlook.com,0121658658
321,6507,DuongHongDao.65lr0@gmail.com,0120761761
322,9551,NguyenDinhDieu.ii2x9@yahoo.com,0124559559
323,796,HoThuyLam.rn7h4@yahoo.com,0123735735
324,8151,DangThanhNha.crxsq@outlook.com,0120095095
325,1181,VuQuocHung.kbxr4@outlook.com,0124350350
326,778,PhamTuyetNga.430kn@outlook.com,0120721721
327,6683,BuiHaiNhi.4zp79@yahoo.com,0124869869
328,7365,PhanLanNgoc.wpfiw@yahoo.com,0120783783
329,8542,HoangThuyGiang.g24h9@outlook.com,0122024024
330,6765,PhamAnhQuan.vzvv3@yahoo.com,0120017017
331,2651,VoDieuLoan.pyfq0@outlook.com,0124349349
332,6762,TruongThuyVan.9w0ui@outlook.com,0124367367
333,8788,LeThuNgoc.3kjx7@gmail.com,0122119119
334,4409,DuongQuocToan.kli18@outlook.com,0122717717
335,1084,NguyenThieuMai.yr5ac@outlook.com,0122388388
336,4146,NguyenNguyenLoc.aqg9i@outlook.com,0120865865
337,9371,TranThienThu.hwo99@outlook.com,0124032032
338,6447,DangHoaiBac.jm65t@outlook.com,0123519519
339,1609,DoanThucDao.sxlai@yahoo.com,0120275275
340,9925,VoPhongDo.hu7u9@gmail.com,0122691691
341,1921,NguyenHieuLam.wyd2k@gmail.com,0123638638
342,2154,HoangTuongVy.xprvo@yahoo.com,0120169169
343,971,NguyenCongPhung.i9qc8@gmail.com,0124678678
344,9487,DoanChiThanh.b2xjd@yahoo.com,0123058058
345,8279,VoNgocLy.bgu3j@gmail.com,0121399399
346,5890,BuiThuyHa.r65vy@gmail.com,0124306306
347,6738,DoanManhCuong.lyrad@yahoo.com,0122881881
348,2832,PhanGiaHoang.o4o67@gmail.com,0123450450
349,568,HuynhThanhTuan.e6y1d@outlook.com,0124454454
350,2240,LeNhuAnh.j53qc@outlook.com,0123845845
351,9430,HoPhuongThuy.syruh@yahoo.com,0124768768
352,617,LyTruongSa.1ladu@yahoo.com,0124971971
353,9200,DangVinhHung.ia3xu@yahoo.com,0120778778
354,2403,HoangThaoMai.ylgld@outlook.com,0121614614
355,7977,DangVanThuong.d2lxa@gmail.com,0121112112
356,279,VuThucNhi.6czmb@outlook.com,0122713713
357,3462,BuiPhiNhan.jsix0@yahoo.com,0121613613
358,7169,TranThuongNghi.5ekjy@outlook.com,0121495495
359,9164,TruongMinhQuoc.zap60@yahoo.com,0123490490
360,2858,HuynhKhacThanh.tili3@yahoo.com,0124440440
361,9038,BuiThePhuong.95hiv@yahoo.com,0124661661
362,7533,LyKieuMy.busgz@yahoo.com,0123363363
363,4750,PhamTuongMinh.ivmtg@gmail.com,0121335335
364,1316,DuongQuocThien.9mtlo@yahoo.com,0124536536
365,1149,VoHongThuy.2wgtx@yahoo.com,0124281281
366,2808,LyPhuongLinh.yri2p@gmail.com,0120121121
367,8146,TranXuanQuy.i1g06@yahoo.com,0121946946
368,3786,LyNgocAn.x068m@yahoo.com,0124643643
369,598,NguyenMyHuong.0pi3p@gmail.com,0121600600
370,2287,DangBaoHue.g8ivt@outlook.com,0123143143
371,1352,VuHienNhi.1pzpo@outlook.com,0124186186
372,8462,HoangThienPhuoc.hbshm@yahoo.com,0124253253
373,6791,HuynhHongDuc.na1wm@gmail.com,0122772772
374,2608,HoangNhatDung.pnh2x@yahoo.com,0120702702
375,3601,LyMaiChi.qovul@outlook.com,0120976976
376,1595,LeNgocDao.g5k1e@gmail.com,0123497497
377,4658,PhamTrongHa.e13v2@outlook.com,0121629629
378,3305,VoQuynhLam.832ta@gmail.com,0122969969
379,4947,DoBaLong.feauw@yahoo.com,0120418418
380,9039,BuiKimOanh.6g2el@gmail.com,0122228228
381,6052,TruongQuocThien.zbcxb@yahoo.com,0122423423
382,4866,BuiHuongThu.141w3@outlook.com,0123007007
383,7639,VuVietPhong.gt6a8@gmail.com,0121943943
384,5197,PhamMongVy.mzogd@gmail.com,0123088088
385,9326,DoanDacCuong.0ymg3@yahoo.com,0124993993
386,9252,DoHanLam.658db@gmail.com,0122885885
387,5111,VoBinhDinh.9tu9a@gmail.com,0120819819
388,7824,BuiLuongThien.tque4@gmail.com,0121505505
389,20,LePhuongQuan.m7zni@yahoo.com,0121085085
390,1241,VuVanTrinh.fof85@outlook.com,0121832832
391,7761,TranThuyDiem.5bnql@outlook.com,0121175175
392,2548,DoHongDao.8ujpm@yahoo.com,0122473473
393,8574,PhamHongDiem.7dwr6@gmail.com,0121104104
394,5017,PhanHaiSan.ia2kj@outlook.com,0121950950
395,9810,DoHuyViet.6damf@gmail.com,0123753753
396,8978,DuongGiaLap.hydri@yahoo.com,0123280280
397,1457,PhanTuanHoang.1mz73@yahoo.com,0124464464
398,3581,NgoThienThanh.2lr4j@outlook.com,0122462462
399,3350,DangDieuHuong.mdakg@gmail.com,0120565565
400,5200,PhamQuocHung.3xf8s@outlook.com,0121677677
401,8193,NguyenThuongThuong.96dju@outlook.com,0123686686
402,2677,VuMinhXuan.69tcn@outlook.com,0121749749
403,2915,HoThanhNhan.soemv@yahoo.com,0123909909
404,1651,HuynhMinhKhanh.gcb79@yahoo.com,0120294294
405,4855,PhamChiThanh.c6980@gmail.com,0122517517
406,8258,PhanNgocHanh.700va@gmail.com,0122355355
407,6871,TranMinhHue.6xl9d@gmail.com,0124689689
408,4609,VoKhanhAn.etpi7@gmail.com,0123082082
409,129,NguyenDinhThang.dde30@outlook.com,0121726726
410,5595,HoCongTuan.vw152@yahoo.com,0123025025
411,5840,NgoThachSon.ctv8w@yahoo.com,0120077077
412,2632,DangVuHong.9lwgs@outlook.com,0123955955
413,6954,DuongHoangGiang.s3xbv@gmail.com,0122396396
414,6595,DuongKimLoan.gpphp@yahoo.com,0120225225
415,931,LyQuangDuc.0mi2i@gmail.com,0120582582
416,4085,HuynhLacPhuc.bek1n@outlook.com,0122804804
417,8231,BuiPhuongTrang.7o4no@outlook.com,0123780780
418,3616,DoanPhucTam.emd8k@yahoo.com,0120894894
419,5226,PhamThanhSon.x0zgm@outlook.com,0122956956
420,7576,PhanKhaAi.0q7fl@outlook.com,0122794794
421,6693,LeMyKhuyen.zmm31@gmail.com,0123667667
422,7758,PhamTinhNhu.39ygj@outlook.com,0123462462
423,9342,DoanThuyPhuong.hhj86@yahoo.com,0121053053
424,2118,PhamXuanThuyet.imfvk@outlook.com,0123908908
425,987,TranDacLo.l3huy@outlook.com,0120298298
426,9247,NgoTuyenLam.465d6@gmail.com,0120499499
427,8438,LeMinhTriet.ri5bt@outlook.com,0124155155
428,3171,DoThanhHuyen.llqku@outlook.com,0122315315
429,1105,HuynhHuuBinh.f8ay6@yahoo.com,0122668668
430,4934,LyBangTam.gheli@outlook.com,0122640640
431,9993,NgoTuanKiet.sdqlb@yahoo.com,0120627627
432,1159,TruongLacNhan.rfpbl@yahoo.com,0124257257
433,8922,PhamThuThao.ubnb0@yahoo.com,0122894894
434,2341,VoDongNghi.b1u3r@yahoo.com,0122405405
435,1076,VoThanhChau.4y4za@gmail.com,0121717717
436,9477,HuynhHoangKhoi.ojoky@yahoo.com,0121631631
437,9511,PhanQuocPhuong.je4io@yahoo.com,0120525525
438,7125,NgoNgocVan.pdc05@gmail.com,0120520520
439,3869,HoangTrungKien.padhd@yahoo.com,0124174174
440,7296,PhamHaLien.1igdj@yahoo.com,0120077077
441,2384,NgoThanhNgoc.pkwqq@gmail.com,0121848848
442,5877,NgoNguyetAnh.3pjqt@outlook.com,0121224224
443,3597,LeHaiThao.twaw2@gmail.com,0122123123
444,6858,HuynhThienNgon.z0r5n@outlook.com,0120649649
445,6548,HoangMyLoan.5e9ea@yahoo.com,0121110110
446,8634,DangDiemQuynh.5i0pj@gmail.com,0124608608
447,2563,LyTamNhu.wd619@gmail.com,0123525525
448,6024,PhanQuangLoc.2k202@outlook.com,0122306306
449,8283,DuongNhaLy.2pj3o@gmail.com,0121720720
450,9718,DoanChiMai.fltms@outlook.com,0121341341
451,6964,LyThongMinh.0ptub@yahoo.com,0120575575
452,4016,LeKieuHoa.vcab9@yahoo.com,0121378378
453,6753,TranTrongHung.mx0y4@gmail.com,0123931931
454,5160,PhamHungPhong.1r65o@outlook.com,0121193193
455,2559,DoanAnhThu.3nse0@yahoo.com,0124723723
456,228,HuynhThanhDao.w60c8@yahoo.com,0123168168
457,1436,VuVietYen.0qyr9@gmail.com,0124227227
458,5661,NgoThaiTo.510f2@yahoo.com,0123434434
459,4595,LyThanhLong.o7dli@outlook.com,0124186186
460,2621,LeBuuChuong.efyfm@outlook.com,0124218218
461,6484,TranTanPhuoc.qlwb7@gmail.com,0122919919
462,9362,LeBaoChau.x1u89@gmail.com,0122766766
463,4639,DoanDucToan.18u50@gmail.com,0122955955
464,7803,DangHuongLan.n2lgf@yahoo.com,0121779779
465,2637,PhanThanhChau.qpw7o@outlook.com,0123400400
466,3803,PhamMyTrang.ef3sd@yahoo.com,0124498498
467,1412,HoangVietHuy.i7h7j@gmail.com,0123130130
468,5404,DangThienAn.e43r6@outlook.com,0123776776
469,1444,DangChiAnh.x0eqz@outlook.com,0123904904
470,8717,DuongCongHau.dluug@gmail.com,0121932932
471,8893,PhanMyDiem.xtyz4@outlook.com,0122494494
472,8712,DangXuyenChi.xekkw@gmail.com,0123741741
473,6372,LePhiNhan.ymcst@outlook.com,0120639639
474,9990,HoangBaoAnh.h0rdi@outlook.com,0120741741
475,3919,PhanQuocPhong.iwo9i@outlook.com,0120986986
476,3644,DoanAiKhanh.16k4d@outlook.com,0120647647
477,3694,LeNguyetCam.1fuof@outlook.com,0121732732
478,234,DoThanhThuan.rlrw2@gmail.com,0122292292
479,7205,DoTrongVinh.i3nu6@outlook.com,0122787787
480,4212,NgoDacLuc.zv3df@outlook.com,0120708708
481,4154,BuiThuyUyen.zyedc@outlook.com,0123016016
482,7893,LyThanhMan.51r0b@outlook.com,0124265265
483,8433,NgoThienThanh.yh5a9@yahoo.com,0123912912
484,3113,DuongThanhThien.8548b@yahoo.com,0123607607
485,9454,LeMongNguyet.u2tfr@gmail.com,0120585585
486,8795,DuongHuuMinh.g3k2i@gmail.com,0124700700
487,9273,HuynhKieuTrinh.bhv58@outlook.com,0123537537
488,757,HoangHaiThuy.3aksy@outlook.com,0121510510
489,403,LeXuanHoa.7rkk0@yahoo.com,0120734734
490,2551,DoBaoPhap.usfk7@outlook.com,0123311311
491,5064,DangDucThanh.55qr0@outlook.com,0123407407
492,6053,DoanNguyetLan.ssi1t@outlook.com,0120449449
493,7361,DangTuongChinh.0j2bo@yahoo.com,0121696696
494,2076,LyPhuongTrang.owco0@gmail.com,0121875875
495,4375,HuynhCamYen.44w0v@outlook.com,0120668668
496,6355,HoVuongGia.uyq9h@gmail.com,0120849849
497,58,TruongToUyen.2rfyt@yahoo.com,0124049049
498,8834,BuiThuyDiem.zjzej@yahoo.com,0123444444
499,4688,NguyenPhuongPhi.4xhrj@yahoo.com,0123952952
500,61,PhanDucToan.xuvut@yahoo.com,0120728728
501,2089,LeTaiDuc.0qgfm@gmail.com,0121353353
502,1824,NguyenBaoThach.3nng9@gmail.com,0124529529
503,632,VuHieuLiem.g3ync@yahoo.com,0122508508
504,8551,BuiDuyNhuong.otncp@outlook.com,0122211211
505,7036,NguyenNguyetAnh.5320u@gmail.com,0122422422
506,4122,VoTriTinh.go04n@gmail.com,0122621621
507,2849,LeTheDoanh.dsdtx@outlook.com,0123780780
508,369,HoangThuyUyen.pij12@yahoo.com,0124478478
509,3858,LyLinhLan.uslqb@outlook.com,0123929929
510,1424,VoThaiBinh.skshn@gmail.com,0120578578
511,7806,PhanTriHao.t15o2@yahoo.com,0123900900
512,8142,VoHangAnh.h7ztw@yahoo.com,0124007007
513,1567,TranHaoNghiep.oaegb@yahoo.com,0120381381
514,7525,BuiBaoHoang.d7mbr@outlook.com,0122942942
515,7731,HoangThiYen.pb0su@outlook.com,0123878878
516,4808,DangDieuThuy.86g6u@outlook.com,0124333333
517,8985,HuynhThucOanh.rfafl@outlook.com,0121387387
518,6921,TranQuangHai.3fvht@outlook.com,0122411411
519,300,DoanHaGiang.hwwkj@outlook.com,0124424424
520,6581,TruongThanhHang.z2zi2@outlook.com,0124931931
521,3316,VoBaoHuynh.xmuby@gmail.com,0120751751
522,5444,DoMongLam.d76r9@yahoo.com,0122789789
523,7142,VuMinhNhi.5jzdy@outlook.com,0121592592
524,1947,TranHuongMai.9b58n@outlook.com,0121872872
525,3048,VuAnhHuong.uk2ye@gmail.com,0123045045
526,1212,NguyenYenTram.089yd@gmail.com,0123905905
527,856,LyQuynhGiang.3aokw@outlook.com,0122058058
528,7798,LeBangBang.09x78@gmail.com,0121713713
529,6006,HoangThiCam.rjpxe@outlook.com,0121334334
530,7416,VuDucToan.nysuf@yahoo.com,0122514514
531,5744,HoangDuyThach.uz7ek@gmail.com,0123227227
532,607,HoangThuNgan.i65tk@outlook.com,0122858858
533,8641,DoLamVien.af2gl@outlook.com,0120119119
534,942,VoXuanDung.eiltj@outlook.com,0121801801
535,8744,TruongQuocTuan.q5486@gmail.com,0124875875
536,9950,LyBachLien.cuj4m@gmail.com,0122281281
537,9114,DoTuQuynh.o3gvt@outlook.com,0124461461
538,6788,HuynhQuynhTram.qs3w6@outlook.com,0123467467
539,1297,VoAnhTho.l9jnb@outlook.com,0124991991
540,7192,BuiMinhNhu.wrcev@outlook.com,0122384384
541,2827,PhanThanhThu.now7o@yahoo.com,0123084084
542,556,TruongPhuongTam.j15yb@gmail.com,0123601601
543,669,DuongHaGiang.zgg44@outlook.com,0124081081
544,6972,BuiTuQuynh.aurxk@gmail.com,0120275275
545,5176,VoTrucSinh.donlb@yahoo.com,0120739739
546,8185,TranMongLam.x522b@yahoo.com,0122186186
547,7768,HoangXuanLoan.vqcn0@outlook.com,0121248248
548,7370,HoBichDao.vzd2d@yahoo.com,0120982982
549,9337,TruongNhatHa.724in@yahoo.com,0124461461
550,955,DangNgocDung.7kebe@yahoo.com,0123518518
551,1911,HoangGiaoHuong.duore@yahoo.com,0123021021
552,9239,PhanHongLiem.2a5qk@gmail.com,0124684684
553,3486,HuynhHuongLan.0j12a@gmail.com,0121981981
554,2218,DoanNganTruc.jx2uh@gmail.com,0120269269
555,2227,LyBachLoan.m852x@outlook.com,0122387387
556,4376,LeHoangLinh.5zk0n@yahoo.com,0122718718
557,2657,NguyenThienKhiem.xj8jd@outlook.com,0123133133
558,4140,VoMinhKhang.6oarx@outlook.com,0121641641
559,9360,DoVanTrang.0smif@gmail.com,0120012012
560,1932,HoangDuyHoang.bj8cg@outlook.com,0122149149
561,8695,LeTramAnh.1rnpx@gmail.com,0121883883
562,3508,TruongDuyenNuong.11k4p@outlook.com,0122264264
563,2021,VoHaPhuong.igcch@yahoo.com,0120403403
564,4268,PhamThuanPhuong.ifwew@gmail.com,0123101101
565,2642,LeThuHang.likp8@yahoo.com,0123794794
566,9545,DoanNguyetAnh.8ybbq@outlook.com,0123355355
567,4049,PhamBaoAnh.uy0yj@gmail.com,0122886886
568,8662,PhanXuanHieu.bpd55@outlook.com,0122584584
569,1157,NgoQuynhAnh.lc8sw@outlook.com,0123212212
570,9851,HoDieuNuong.pr1vc@outlook.com,0124930930
571,5010,LeDangMinh.fjpaw@yahoo.com,0122469469
572,9303,TruongQuynhDung.88hwx@yahoo.com,0123597597
573,4945,VoDongDao.p7du7@gmail.com,0124045045
574,7776,DuongXuanNhi.y86hb@yahoo.com,0121361361
575,7101,LyHuongThuy.53gtg@outlook.com,0122952952
576,9071,PhamVietLong.g97br@outlook.com,0123565565
577,4805,LyCamNhung.p2685@yahoo.com,0124661661
578,9894,LeHuongLien.0vxxh@yahoo.com,0120223223
579,1493,TruongMyVan.mcz9m@gmail.com,0121655655
580,594,HoangVanChi.f42m2@yahoo.com,0122370370
581,7496,LyBichQuyen.mxb8o@yahoo.com,0120945945
582,9305,LeDinhDon.xhnn8@outlook.com,0120257257
583,2963,VoCuongThinh.r21u7@gmail.com,0124663663
584,2275,VoTrongHa.4tdg8@outlook.com,0124735735
585,2180,DoCaoSy.qcijv@gmail.com,0120587587
586,2376,DangHuyTuan.9jhdl@gmail.com,0121068068
587,9447,VuThuyLoan.537dq@gmail.com,0120229229
588,7922,NgoVanPhuong.moul5@yahoo.com,0121790790
589,5210,HuynhDaiTrang.hzek8@outlook.com,0124313313
590,1209,HoLeGiang.wfnd6@gmail.com,0121063063
591,2443,HuynhHaiSan.2ahzt@gmail.com,0121753753
592,4262,DuongPhuongNhi.vc9fb@yahoo.com,0124158158
593,5447,DoTuongLam.il2vt@yahoo.com,0124943943
594,472,BuiDinhChieu.a9kra@outlook.com,0120057057
595,8903,NguyenNgocThuan.c0z8i@gmail.com,0121001001
596,75,TranCongGiang.klram@yahoo.com,0121278278
597,3246,LeKimHoa.9d20h@gmail.com,0121844844
598,8530,DoChiBao.7prmi@outlook.com,0121399399
599,7618,TruongDinhThien.gxtaw@yahoo.com,0120423423
600,5825,NguyenNgocNu.diqss@gmail.com,0123805805
601,4319,NgoThanhGiang.gtgvu@yahoo.com,0121895895
602,3849,VuPhiDiep.2rwe2@yahoo.com,0123163163
603,5367,TruongBaoThach.x5hj1@gmail.com,0124607607
604,670,TruongHanhVi.cyo22@outlook.com,0123003003
605,9938,LeKimXuyen.v7lzd@yahoo.com,0122440440
606,9473,LyHuongLam.lc07t@gmail.com,0123958958
607,8155,TranHungDao.vjxi9@outlook.com,0124853853
608,2463,HoNamThanh.0wmvy@gmail.com,0124416416
609,3247,VuPhiKhanh.jb28n@gmail.com,0121859859
610,2943,HoBichLam.qw02j@gmail.com,0120271271
611,3693,HoTuanChau.qjpti@outlook.com,0120442442
612,9663,PhamMyLoi.pjk7k@outlook.com,0121963963
613,3670,VuTuanLong.mm2gq@yahoo.com,0123991991
614,8020,DoThuLien.gfpkx@outlook.com,0121915915
615,9635,NguyenNgocHa.b9ac8@outlook.com,0124044044
616,8083,TruongDieuHuong.t5jw5@gmail.com,0120052052
617,8975,LyXuanBao.novmo@yahoo.com,0120381381
618,6739,DoThuyHien.hutkk@yahoo.com,0122780780
619,7429,DuongBichThuy.l616t@outlook.com,0122512512
620,4668,DoHieuHanh.hadwb@outlook.com,0124968968
621,3087,LyHongNhat.0w3v3@outlook.com,0123828828
622,1109,TranHoangNgon.fb2pr@gmail.com,0122364364
623,5846,DuongNgocNhi.1iisv@outlook.com,0124674674
624,1990,VoTieuMy.7x9t1@yahoo.com,0120143143
625,692,BuiHuePhuong.cqh44@gmail.com,0122111111
626,2422,DoKhanhHai.hxdqt@yahoo.com,0123457457
627,1322,VoThaiSan.mekjn@yahoo.com,0120590590
628,729,LeDinhNam.4er99@yahoo.com,0123477477
629,4519,PhamMinhThai.4cwp8@yahoo.com,0121538538
630,5112,BuiXuanDung.kffq4@outlook.com,0123089089
631,714,HuynhNhatDung.nbaw7@yahoo.com,0124503503
632,2114,NgoTrongChinh.qofuc@outlook.com,0122729729
633,4132,LeKhacAnh.vk58y@gmail.com,0120002002
634,5104,NguyenThanhNga.lzkxp@yahoo.com,0123059059
635,8206,DuongTrucQuan.uvbwf@yahoo.com,0124361361
636,7833,LeKieuNga.epwng@yahoo.com,0120506506
637,9916,VoHaiThao.d8sqs@yahoo.com,0123328328
638,3716,TranHuuTri.xdard@outlook.com,0121752752
639,4817,DoQuynhSa.x1ti5@yahoo.com,0122462462
640,3867,LyGiaNhi.5i979@outlook.com,0122213213
641,7252,HuynhHoangThu.ss8d0@outlook.com,0123065065
642,8908,VoHaiMy.vu7zr@gmail.com,0122250250
643,4820,NgoHoangLan.mmxsu@gmail.com,0122380380
644,4598,PhamBangTam.jyex7@gmail.com,0124083083
645,666,VoThuPhuong.l1dnw@gmail.com,0122064064
646,2965,NgoThaiThao.7qb2f@yahoo.com,0122883883
647,4346,TruongNamThanh.rt36k@yahoo.com,0124477477
648,908,HoangAnNguyen.hknk0@gmail.com,0121495495
649,9818,TranTuyetTam.w5dnz@outlook.com,0124489489
650,2674,VuHuuHung.rlxoo@outlook.com,0120500500
651,3279,HuynhTuDung.6yqqi@outlook.com,0124929929
652,625,DoBachHoa.j5tmk@outlook.com,0124785785
653,7607,DoPhungYen.j12oy@yahoo.com,0122405405
654,404,LeThienSinh.5t9qt@gmail.com,0121863863
655,6044,TranHoangMy.g13bf@gmail.com,0121638638
656,2585,HuynhMongVi.sw0m1@yahoo.com,0121418418
657,513,DangYenNhi.vs5tm@gmail.com,0121445445
658,3711,VoPhuThoi.2x21j@yahoo.com,0120879879
659,6643,TruongVangAnh.ujc2x@gmail.com,0124548548
660,5405,LyThanhNguyen.ux2js@gmail.com,0121567567
661,9769,LyHaiUyen.6qven@outlook.com,0124471471
662,4456,HoSongThu.ak0li@yahoo.com,0121631631
663,1555,DuongTinhNhu.tomdn@outlook.com,0123518518
664,8057,DoBachLoan.66lwl@yahoo.com,0123444444
665,8061,HoHuuNam.auob7@outlook.com,0122448448
666,8659,HuynhGiangLam.9luxx@gmail.com,0121004004
667,3241,DangNhatHoang.2j2dq@yahoo.com,0123611611
668,8722,VoBaTung.yexvb@yahoo.com,0121851851
669,8424,DuongNgocDiep.q4ndi@gmail.com,0121898898
670,858,LyYenTram.lcsbi@outlook.com,0122978978
671,2917,LeAnhThy.0emrl@yahoo.com,0124429429
672,8509,TranBaLong.ymbsi@outlook.com,0121097097
673,485,VuDanTam.a2iug@outlook.com,0121378378
674,374,TruongKhanhHoi.z8jer@outlook.com,0122539539
675,4829,HoangVienThong.63z7l@gmail.com,0120337337
676,8760,LeHangAnh.j3sfb@yahoo.com,0124664664
677,2952,DangTriMinh.4s4ca@gmail.com,0121822822
678,521,TruongNgocThach.bacun@yahoo.com,0122718718
679,5458,BuiHongKhanh.oo61v@outlook.com,0121133133
680,3031,VoThuongThuat.urbi7@gmail.com,0120215215
681,9034,NgoPhuongNhi.jx7b7@yahoo.com,0123281281
682,9881,PhamAnhTuyet.1iyyp@outlook.com,0123569569
683,4579,DoPhuongTrang.chttf@outlook.com,0122375375
684,9706,BuiDongTra.7icrg@yahoo.com,0121632632
685,1386,TruongKieuMinh.u2oe9@gmail.com,0120384384
686,5221,DoDuyCan.z9ytu@outlook.com,0124980980
687,5256,NguyenKyAnh.qr6zd@outlook.com,0123455455
688,3690,HoHuuDat.8k9tg@outlook.com,0123900900
689,1704,PhanBinhThuan.p87ap@gmail.com,0121515515
690,633,DoDinhQuang.8hc5y@outlook.com,0120056056
691,2891,TranNgocVan.e4zxo@gmail.com,0122788788
692,909,HoangTienVo.vgzcw@gmail.com,0122125125
693,9554,NgoMyNhi.t89la@outlook.com,0121536536
694,1767,VuHongViet.i3cmr@outlook.com,0122076076
695,8052,HoQuangDanh.wcwit@yahoo.com,0122022022
696,4419,NgoMyVan.9b1a4@gmail.com,0123459459
697,4679,HuynhGiaHung.nsi88@outlook.com,0122727727
698,9748,NguyenHongThuy.an5zo@outlook.com,0124679679
699,3948,DuongDuyKhiem.xinxi@yahoo.com,0120313313
700,2296,DuongHaiSan.03qc5@yahoo.com,0121527527
701,394,NguyenTraMy.04kvo@gmail.com,0124861861
702,8750,DangThienKhanh.rw5y4@yahoo.com,0120220220
703,1671,HoThuanToan.kg305@gmail.com,0121878878
704,7425,TruongNhatHung.mz0y0@outlook.com,0123445445
705,324,DuongTrungKien.j340r@gmail.com,0124142142
706,9035,PhamTanKhang.q33rw@yahoo.com,0120676676
707,8326,DuongMaiVy.eiuh9@outlook.com,0122883883
708,2419,VuDuyNgon.icvlf@gmail.com,0122767767
709,871,HuynhMongNguyet.qu5k6@gmail.com,0121624624
710,6043,HoangGiangSon.fnh2h@gmail.com,0120571571
711,9616,DoQuynhGiao.o9fx4@gmail.com,0120151151
712,8901,LeHoangThai.4e996@gmail.com,0122395395
713,2210,DoQuocHung.hwisr@gmail.com,0120184184
714,8341,NguyenDuyMinh.hy1p5@gmail.com,0124871871
715,4390,LyQuangHoa.n4ann@outlook.com,0123575575
716,9526,BuiTrucDao.7otwc@yahoo.com,0124459459
717,914,TranThanhDan.tyhf5@gmail.com,0122506506
718,2466,HoangXuanKien.dnm4x@gmail.com,0120097097
719,4525,LeHuuTri.mwzg9@yahoo.com,0120109109
720,3071,DoanHoangDue.xl55x@yahoo.com,0120653653
721,3172,DuongThuanPhong.hyicn@yahoo.com,0122629629
722,4581,DoanKhanhVan.giow1@gmail.com,0124336336
723,4472,DangHuuHanh.i9jsd@gmail.com,0122666666
724,8427,PhamHoangThai.oworn@gmail.com,0121828828
725,720,HoangMaiHuong.txiih@gmail.com,0123804804
726,2416,PhamXuanLac.eg6b6@outlook.com,0120830830
727,2946,NgoGiaHoa.n3s3y@gmail.com,0120140140
728,4447,HuynhThuyLieu.qjydk@outlook.com,0124136136
729,1278,NgoHuyPhong.bsn88@gmail.com,0120387387
730,7760,HuynhThanhHuong.e9tos@gmail.com,0124252252
731,2568,VoHamNghi.3rtv5@outlook.com,0120320320
732,5102,DuongThienNga.f6a5p@gmail.com,0122135135
733,503,PhamXuanMai.9s7f4@outlook.com,0123073073
734,157,DoanQuynhTho.e18qv@gmail.com,0121989989
735,2458,PhanLamTuyen.klkpa@outlook.com,0121977977
736,5538,HoNhanSam.oya5k@gmail.com,0124798798
737,9932,HuynhThuyVi.fvdyt@outlook.com,0123903903
738,9741,NguyenVanNgoc.1x1yy@gmail.com,0120190190
739,4099,DoTuyenLam.w5e80@gmail.com,0123506506
740,1800,DoTuanHoang.fbdka@outlook.com,0124470470
741,6248,HoangQuynhNhung.jq5k8@outlook.com,0123657657
742,9570,DangKimDan.veogu@outlook.com,0121782782
743,7918,DuongKimPhu.3ncck@gmail.com,0121624624
744,242,VoNgocHai.2r3h6@gmail.com,0120511511
745,676,DoanLuuLy.erxex@gmail.com,0122252252
746,9519,DoDiemTrang.d6hy1@outlook.com,0120031031
747,1898,BuiTieuQuynh.wfiln@yahoo.com,0120172172
748,1906,LyYBinh.e8gpg@outlook.com,0123300300
749,4883,VoYenDan.678hz@gmail.com,0120124124
750,742,PhamThuyLieu.kor9j@yahoo.com,0120748748
751,5274,TruongCongHao.541v4@yahoo.com,0124862862
752,5646,DoBinhDan.672wl@gmail.com,0121520520
753,8639,NgoXuanTuong.3p9bp@gmail.com,0124106106
754,1484,DoQuangLan.m3k9n@yahoo.com,0124202202
755,3319,NgoNgocLe.x6e3s@yahoo.com,0122559559
756,50,LeQuangTrong.eyfh2@gmail.com,0123350350
757,1629,NguyenHongPhuc.2qcrw@yahoo.com,0120077077
758,9609,DangNhaHuong.ag4pg@yahoo.com,0124637637
759,5671,BuiGiaHoa.w4628@gmail.com,0120227227
760,3728,TruongKimTuyen.cecpm@yahoo.com,0124216216
761,9959,VuLinhDuyen.iup30@yahoo.com,0124722722
762,3106,DangThanhSon.urpsd@gmail.com,0122017017
763,9364,TranKhacCong.1zcro@gmail.com,0124671671
764,7974,TruongKienCuong.y7no7@outlook.com,0123548548
765,7426,LeQuocVan.a3v9p@gmail.com,0120859859
766,4744,PhamMinhThai.h46s7@yahoo.com,0122496496
767,732,DoanHoaiBac.8ziqz@yahoo.com,0122743743
768,5775,PhamMyDuyen.pbp3p@yahoo.com,0124025025
769,2493,DangPhuongPhi.xpoic@yahoo.com,0120330330
770,5114,HoThanhTrung.k1bbi@yahoo.com,0123963963
771,8936,DuongTrucQuan.wohoh@outlook.com,0124803803
772,2570,DoanDaiDuong.7u181@gmail.com,0122145145
773,3859,TruongHaTien.xquzh@yahoo.com,0120533533
774,507,NgoMinhDat.vu6ys@yahoo.com,0121596596
775,7692,DoKhanhMai.mb2hq@outlook.com,0121033033
776,9775,DoHuyTuan.xrb33@yahoo.com,0123963963
777,7367,LeManhQuynh.h2ujr@gmail.com,0123112112
778,2602,HoangDiemPhuc.v7dmo@outlook.com,0120126126
779,7666,VoLapNghiep.gjnph@gmail.com,0123744744
780,5883,PhanChiMai.ri3sz@yahoo.com,0124847847
781,1879,HoangQuynhChi.al38v@yahoo.com,0122394394
782,4083,LyBachMai.3pozw@yahoo.com,0124316316
783,7233,VuDucPhi.lq9d4@gmail.com,0124174174
784,3734,DuongHaiThuy.k2f4v@outlook.com,0120939939
785,6492,HoMinhThac.rd0od@gmail.com,0124003003
786,64,HoHongGiang.5macr@gmail.com,0122414414
787,7913,HuynhTuanThanh.dusjv@yahoo.com,0122309309
788,5622,DangDacTrong.opw26@yahoo.com,0123843843
789,1675,DuongThanhTrang.74yj0@gmail.com,0122634634
790,388,NgoManhDung.c7lt5@gmail.com,0124272272
791,9162,NgoDaThao.raku5@outlook.com,0123141141
792,2153,HoThanhVinh.40ii4@gmail.com,0123501501
793,3617,VuThanhLam.lea9q@yahoo.com,0122051051
794,1668,PhanHongAnh.dbq65@outlook.com,0120291291
795,5575,DangThanhTin.fg1ry@yahoo.com,0123332332
796,4547,LeTheTuong.svgc8@outlook.com,0120697697
797,6027,TranNguyenKhoi.iiv8y@yahoo.com,0120072072
798,2976,HuynhDuyTam.hf3mk@yahoo.com,0120939939
799,2683,DuongAnhThy.3d32p@yahoo.com,0122403403
800,8016,VoThuyUyen.vdgk3@gmail.com,0122197197
801,9836,NgoMyHuyen.43kka@yahoo.com,0120846846
802,8519,NgoBaoTruc.9jecm@yahoo.com,0121178178
803,6281,NguyenThuSinh.j9rey@outlook.com,0124395395
804,9490,NgoChinhThuan.wxwwi@yahoo.com,0120796796
805,7344,NguyenTamHanh.c5yn1@gmail.com,0121251251
806,2130,LeMongGiac.ywslq@gmail.com,0122035035
807,3902,LyDiemKhue.ei5ne@outlook.com,0122601601
808,2907,TranPhuongLong.ix6f3@gmail.com,0123610610
809,4349,NgoNhatHuy.qgpro@gmail.com,0120913913
810,6825,DoanVanKhanh.drrzd@yahoo.com,0121397397
811,7759,BuiNgocAn.drvq4@gmail.com,0122948948
812,9829,NgoThanhUyen.lcr6s@yahoo.com,0121835835
813,4344,PhanThyKhanh.hw16x@outlook.com,0122702702
814,3014,DangNhatAnh.htwao@gmail.com,0124076076
815,7216,VuPhucHoa.0yo0y@yahoo.com,0123083083
816,8567,DangPhuongDung.bd2j5@outlook.com,0120410410
817,1546,NgoHungSon.eft2k@outlook.com,0123460460
818,8699,DuongVanKhanh.8hflh@yahoo.com,0122477477
819,892,TruongDucMinh.lb61x@gmail.com,0120146146
820,2939,BuiCongThanh.530tu@yahoo.com,0122665665
821,364,NgoGiaKien.75o2f@outlook.com,0120896896
822,705,HuynhHueHuong.f7gda@gmail.com,0121097097
823,923,TruongCamLien.mjnad@yahoo.com,0121258258
824,5333,BuiCaoSon.ufak3@gmail.com,0122183183
825,2274,HoChieuQuan.jb0lw@gmail.com,0122295295
826,3692,HuynhMinhTri.sexrv@yahoo.com,0123354354
827,2022,DoanMaiHuong.hl6fj@yahoo.com,0120171171
828,2565,VoDucPhu.gi8th@outlook.com,0122086086
829,3533,VoChiCong.1c5jj@yahoo.com,0123718718
830,1828,DoThanhHieu.y0dj2@gmail.com,0120895895
831,4133,VoKhaiTam.lb9nw@gmail.com,0123199199
832,7231,DoanThaiSon.zrvti@outlook.com,0121690690
833,81,HoAnhDuy.ivjy4@yahoo.com,0121649649
834,7211,NgoDieuNuong.oc6x5@gmail.com,0123631631
835,6729,DuongMinhQuang.pqang@gmail.com,0121978978
836,2804,LyTheAnh.qh2on@gmail.com,0124384384
837,9620,DangHoaiNam.pmhi3@gmail.com,0122489489
838,2752,VoHuuDat.9cw3b@yahoo.com,0121865865
839,8490,TranThanhThu.90tg0@outlook.com,0120150150
840,5976,TranThaoHuong.dzyro@yahoo.com,0124657657
841,6369,TruongDoanThanh.sxwuq@gmail.com,0121335335
842,1752,DuongLeThanh.afnyn@outlook.com,0122944944
843,3455,VoThanhY.1f4q9@gmail.com,0122997997
844,8702,TranHanhTuong.tlo5h@gmail.com,0123543543
845,8918,LyHuuTho.c7acf@gmail.com,0124716716
846,901,DoanChieuQuan.60tde@yahoo.com,0123309309
847,6125,VoThienPhu.ij1qk@gmail.com,0123558558
848,9933,DoLienHuong.s9m01@yahoo.com,0124486486
849,1442,NgoTuyetChi.1p1ub@outlook.com,0123347347
850,8505,LeQuangHai.enuar@outlook.com,0120048048
851,9324,DoVietQuyet.iv18k@yahoo.com,0120872872
852,3081,VoNgocHang.s08f7@outlook.com,0123857857
853,253,DoTrongHung.30xtc@outlook.com,0121714714
854,2693,TranHaiVan.ngilx@gmail.com,0122032032
855,8349,LyKhanhBinh.02brq@gmail.com,0120212212
856,4733,PhanManhQuynh.b4f5k@outlook.com,0122010010
857,4114,LeHiepHa.lj89m@yahoo.com,0120730730
858,4814,PhanMinhHuyen.ogjyv@gmail.com,0122704704
859,6103,DangUyenThy.r02u1@gmail.com,0124588588
860,2418,HuynhThuanPhuong.qg1q2@gmail.com,0123715715
861,6919,HoLocUyen.tppzd@gmail.com,0121148148
862,7740,DuongTamTrang.i0e97@outlook.com,0120499499
863,3274,TranAnhVu.mta41@yahoo.com,0120787787
864,1797,HoXuanQuy.juuyr@gmail.com,0124229229
865,1766,DoMinhKhang.4wh61@gmail.com,0121898898
866,1813,VuThaiTan.emsys@outlook.com,0124485485
867,7122,NguyenQuanDuong.75mie@gmail.com,0124028028
868,930,DangBaTung.rtym6@outlook.com,0124054054
869,1674,LeTrangAnh.8vc22@yahoo.com,0120051051
870,7274,LeThuanThanh.vwu5h@outlook.com,0123291291
871,6137,VoHoangMinh.rd5ka@outlook.com,0121885885
872,3485,HoBachMai.mey1l@yahoo.com,0124598598
873,9590,NguyenXuanHoa.xi8g8@gmail.com,0120488488
874,7961,VoHaiSon.n4ct7@outlook.com,0120064064
875,4185,HuynhHaiPhuong.1mzpx@yahoo.com,0121607607
876,6990,HoangNgocQuang.psbtl@outlook.com,0122720720
877,9666,DoanDieuThuy.3lmdz@yahoo.com,0123855855
878,5713,TranThuyVan.pl6it@yahoo.com,0123518518
879,1261,TruongKimLy.l05td@gmail.com,0121799799
880,3954,DangThienTuyen.z51nx@outlook.com,0124597597
881,7470,PhamThaiTan.fqrvx@outlook.com,0120689689
882,451,NgoHoangDung.5jouy@gmail.com,0121320320
883,4939,HoangNiemNhien.wnytc@gmail.com,0120173173
884,4017,LeGiaDao.hc2q8@gmail.com,0122674674
885,4434,NguyenThanhLoi.dar2w@outlook.com,0123879879
886,1579,VoTanPhat.o7n2s@outlook.com,0120144144
887,9366,DoQuangHung.u35w8@gmail.com,0121273273
888,5829,DangThieuAnh.iismz@yahoo.com,0120136136
889,7130,HoHuuToan.hv2a5@gmail.com,0120215215
890,4010,PhamMinhGiang.ejhbu@outlook.com,0120040040
891,3304,DangNgocDanh.kczff@yahoo.com,0121910910
892,7453,PhamHuyenNgoc.y7r7k@yahoo.com,0123408408
893,7265,DangHaiThuy.tl6wy@gmail.com,0122575575
894,5443,VuThienTinh.fechx@outlook.com,0124387387
895,574,TranMinhTien.7xx77@outlook.com,0121769769
896,5394,HoNgocLy.ggkig@outlook.com,0124311311
897,9897,HoMinhHuong.4zie0@gmail.com,0124157157
898,3284,DoKyVo.vuadq@outlook.com,0122422422
899,9584,TranNghiMinh.y5fec@gmail.com,0120579579
900,4974,DoanQuangThinh.ws692@outlook.com,0120494494
901,8459,DoanLongQuan.0pab0@gmail.com,0124253253
902,466,DoCongLoc.nci73@outlook.com,0121762762
903,5518,HuynhThaiLam.vu88g@outlook.com,0123177177
904,7129,PhamThanhHieu.3pqxr@yahoo.com,0124076076
905,9417,HuynhNhatHoang.iyn62@gmail.com,0122850850
906,8497,NgoNhanTu.gtn8g@gmail.com,0120334334
907,8763,TruongKimHoang.6h53v@outlook.com,0121895895
908,6660,DuongKimTrang.oiot2@gmail.com,0122634634
909,4938,HuynhNhatHung.k8j7y@gmail.com,0120360360
910,2694,HuynhNhatTan.7m7rc@outlook.com,0120691691
911,4150,TranTanTai.zt38z@gmail.com,0123418418
912,6037,NguyenNgocNgan.6zk6y@yahoo.com,0121449449
913,4050,TruongVanSon.8abf3@yahoo.com,0124842842
914,8131,VoThienPhu.fnf5z@yahoo.com,0123043043
915,3758,BuiThanhHoa.0x2ba@outlook.com,0122439439
916,731,NgoThuyAnh.zbsv0@yahoo.com,0121019019
917,1729,NgoDuyTam.jvcrw@yahoo.com,0121251251
918,5440,TruongTueMan.3duqn@outlook.com,0123968968
919,4531,DoNhatQuang.86zqw@yahoo.com,0124108108
920,2937,VoQuynhLam.uuwrd@yahoo.com,0122568568
921,1452,BuiThienKhanh.xqq9x@yahoo.com,0123205205
922,8127,PhanMaiKhanh.f0e18@yahoo.com,0121092092
923,3115,DuongTungMinh.6wopa@outlook.com,0120470470
924,6011,HoangXuanNgoc.hkb90@gmail.com,0122618618
925,7890,LyDinhLuan.2ao34@outlook.com,0124461461
926,8653,LyDucTam.zzkea@outlook.com,0121575575
927,3211,PhanHaiNgan.vill3@yahoo.com,0123192192
928,2177,DuongPhongChau.vzn9k@gmail.com,0120773773
929,5107,DuongQuocQuang.43fwg@outlook.com,0123488488
930,9074,BuiQuynhLien.v9gd4@gmail.com,0121271271
931,9064,LeTuQuyen.f327t@outlook.com,0124491491
932,4257,PhanTamNhi.mc207@yahoo.com,0122203203
933,2025,BuiDuyenNuong.c74ut@outlook.com,0120827827
934,5788,DuongThienMy.gjaxd@yahoo.com,0120670670
935,4196,DangHuuThong.2jwe1@yahoo.com,0123448448
936,8606,DangHoangKim.5soac@gmail.com,0124196196
937,8472,HoangTrungChuyen.z5fk6@outlook.com,0123617617
938,7188,HoHoaTien.spip4@gmail.com,0121942942
939,4594,DoPhungViet.q5uea@outlook.com,0124782782
940,3494,NgoQuangDat.8svxa@outlook.com,0121258258
941,6593,VuPhuongThao.g2ute@outlook.com,0120471471
942,7956,DangSonTrang.r2btm@gmail.com,0121566566
943,4821,VuCongHai.6pjy5@yahoo.com,0124000000
944,8984,TranThienPhuong.uy8fe@yahoo.com,0121139139
945,8878,NgoMaiTam.vrd0s@yahoo.com,0120613613
946,7524,VoNgocLe.qo16h@gmail.com,0120747747
947,4308,TranBichSan.hqko9@yahoo.com,0122624624
948,3404,HoangHoaiPhuong.8iygl@yahoo.com,0120963963
949,1126,BuiLamTuong.xjwlb@yahoo.com,0121612612
950,6181,TranManhThang.i45ut@outlook.com,0123436436
951,5267,HoangMinhThuong.uvtik@outlook.com,0122501501
952,9728,DoMyDiem.u4t3z@outlook.com,0120384384
953,219,TranDiemHuong.x6ocv@gmail.com,0120224224
954,3015,VoMinhDanh.0582q@gmail.com,0123825825
955,7987,NguyenMyYen.eflj0@gmail.com,0124066066
956,5389,PhanThienHa.wy3zr@gmail.com,0124184184
957,1068,TranKhaiHoa.jgg66@gmail.com,0121802802
958,529,HoangKhaKhanh.5x6jh@gmail.com,0120473473
959,3764,LyHaoNghiep.l602n@yahoo.com,0123400400
960,3571,TruongLeThuy.k206w@outlook.com,0122848848
961,4352,BuiVietSon.qkvlw@yahoo.com,0121421421
962,154,LeDieuNuong.zp2az@outlook.com,0121709709
963,4296,LyTruongVu.47kcg@gmail.com,0124339339
964,8476,HoangThuyAnh.9b3bz@yahoo.com,0123271271
965,5242,VoMinhHa.0gnoq@yahoo.com,0124783783
966,5949,LyDuyCan.ad08y@yahoo.com,0120208208
967,7773,TranXuanxanh.5uot5@yahoo.com,0121181181
968,4130,NgoAnhTu.4lmf1@outlook.com,0124634634
969,5512,PhamNgocNu.rh9k8@yahoo.com,0122182182
970,7565,NguyenThuyNga.hwwp6@gmail.com,0120045045
971,831,NguyenHienChung.hpe5j@gmail.com,0121692692
972,9563,PhamPhungViet.uj9c7@outlook.com,0123726726
973,7284,VuBaoHuynh.5a3td@yahoo.com,0120276276
974,2878,HoThaiMinh.xka1c@yahoo.com,0120765765
975,7328,NguyenDuyHieu.9wame@outlook.com,0123533533
976,571,NguyenHongThuy.0x82s@outlook.com,0120791791
977,8682,NguyenHongThao.02m01@outlook.com,0122635635
978,110,VoSyThuc.qo19i@yahoo.com,0124558558
979,7704,LeDanThu.gs29a@yahoo.com,0122174174
980,6104,HoangVinhLong.xm13n@gmail.com,0123542542
981,9567,PhamThuThuan.m6ezl@yahoo.com,0120081081
982,156,DoDaLan.lbhrl@outlook.com,0120537537
983,9350,TranThuongNang.e4xqy@outlook.com,0122814814
984,903,TruongKienGiang.5eng7@gmail.com,0120084084
985,7799,LyPhuongNhi.qby6s@outlook.com,0121389389
986,2457,HuynhNhatTan.dqow1@yahoo.com,0122783783
987,7630,NguyenDucHoa.ogx39@gmail.com,0122273273
988,4075,BuiBichNgan.0pwns@gmail.com,0121129129
989,8600,DangHongNhung.rgefc@gmail.com,0124281281
990,9456,PhamDucTho.p69vj@outlook.com,0122270270
991,5735,PhanThuongThuong.nt1d7@gmail.com,0120451451
992,2391,PhanHuyChieu.5dknb@outlook.com,0122575575
993,2469,HuynhCongHau.5mcu8@gmail.com,0120288288
994,2534,HuynhAnCo.ddrk8@yahoo.com,0121339339
995,5961,VoNhatDuy.lcuz6@yahoo.com,0122716716
996,1872,DangXuanCao.iv4nk@outlook.com,0121662662
997,9160,LeCaoSy.ohhwb@gmail.com,0123105105
998,3923,BuiTraGiang.a9iav@yahoo.com,0122624624
999,4858,HuynhPhuongQuan.ea6cm@outlook.com,0120349349
1000,4690,NgoMinhYen.9xwe0@yahoo.com,0123255255
1001,6744,VuVyLam.5egi3@gmail.com,0120723723
